citation_id	manuscript_topic	recommended_use	citation_type	status	candidate_reference_note	example_marker
REF_UNDERGROUND_IMPORTANCE_01	underground organs as persistence, storage, propagation, regeneration systems	Introduction paragraph 1; Discussion opening	biology_background	placeholder_needs_final_reference	Use authoritative review(s) on plant underground organs, perenniality, vegetative propagation, storage organs, or bud-bank ecology.	[REF_UNDERGROUND_IMPORTANCE_01]
REF_RHIZOME_REVIEW_01	rhizome biology and genetic/developmental knowledge gap	Introduction paragraph 1 or 2	biology_background	candidate_reference_available	Chen and Coughlan TAG review on rhizome genetics/development; replace with exact formatted citation and DOI in final reference list.	[REF_RHIZOME_REVIEW_01]
REF_STORAGE_ORGANS_01	tubers, storage roots, corms, bulbs, storage-organ development	Introduction paragraph 1 and organ-diversity paragraph	biology_background	placeholder_needs_final_reference	Use reviews on tuberization, storage root development, bulb/corm biology, and crop storage organs.	[REF_STORAGE_ORGANS_01]
REF_BUD_BANK_REGENERATION_01	bud banks, belowground meristems, post-disturbance regrowth	Introduction paragraph 1; Discussion final paragraph	ecology_background	placeholder_needs_final_reference	Use classic bud-bank or clonal plant ecology references on belowground buds and disturbance recovery.	[REF_BUD_BANK_REGENERATION_01]
REF_ORGAN_NON_EQUIVALENCE_01	underground organs arise from different developmental contexts	Introduction paragraph 2; Figure 4 caption; Discussion mechanism paragraph	developmental_background	placeholder_needs_final_reference	Use organ-specific developmental literature: rhizome stem origin, storage root root origin, stem tuber/root tuber distinctions.	[REF_ORGAN_NON_EQUIVALENCE_01]
REF_PLANT_REGENERATION_01	plant regeneration, meristem reactivation, developmental plasticity	Introduction paragraph 2; Results toolkit model; Discussion mechanism paragraph	regeneration_background	placeholder_needs_final_reference	Use major plant regeneration reviews, e.g. Sugimoto/Ikeuchi/Roudier/related review literature.	[REF_PLANT_REGENERATION_01]
REF_HORMONE_DORMANCY_01	hormonal control of growth, dormancy, developmental switching	Results 4-6; Discussion recurrent module interpretation	hormone_development_background	placeholder_needs_final_reference	Use reviews on GA, auxin, cytokinin, ABA, dormancy, bud outgrowth, tuberization, rhizome development.	[REF_HORMONE_DORMANCY_01]
REF_STRESS_RESILIENCE_01	stress survival, hypoxia, abiotic stress, underground persistence	Results 4-7; Discussion mechanism paragraph	stress_background	placeholder_needs_final_reference	Use references on plant stress resilience, hypoxia survival, dormancy, and stress-associated persistence.	[REF_STRESS_RESILIENCE_01]
REF_CELL_WALL_REMODELING_01	cell-wall remodeling, tissue expansion, structural reorganization	Results 4-7; Discussion recurrent module interpretation	developmental_background	placeholder_needs_final_reference	Use reviews on expansins/XTH/cell-wall remodeling in organ growth and storage-organ development.	[REF_CELL_WALL_REMODELING_01]
REF_DEEP_HOMOLOGY_01	module-level deep homology	Introduction paragraph 2; Results toolkit model; Discussion mechanism paragraph	evolutionary_theory	candidate_reference_available	Use Shubin, Tabin, and Carroll 2009 Nature deep homology paper or similar authoritative references.	[REF_DEEP_HOMOLOGY_01]
REF_CONVERGENCE_01	convergent evolution and repeated use of genetic/regulatory mechanisms	Results toolkit model; Discussion mechanism paragraph	evolutionary_theory	placeholder_needs_final_reference	Use major reviews on molecular convergence, repeated evolution, genetic basis of convergent traits.	[REF_CONVERGENCE_01]
REF_REGULATORY_REDEPLOYMENT_01	regulatory redeployment and modular gene networks	Results toolkit model; Discussion mechanism paragraph	evolutionary_development	placeholder_needs_final_reference	Use evo-devo / cis-regulatory evolution / network redeployment references.	[REF_REGULATORY_REDEPLOYMENT_01]
REF_COMPARATIVE_GENOMICS_01	orthogroup-based comparative genomics and candidate transfer	Introduction paragraph 3; Methods orthogroup section	comparative_genomics	placeholder_needs_final_reference	Use comparative genomics and orthology inference references.	[REF_COMPARATIVE_GENOMICS_01]
REF_ORTHOFINDER_01	orthogroup inference	Methods orthogroup-based candidate transfer	software_method	candidate_reference_available	Emms and Kelly 2019 Genome Biology, OrthoFinder.	[REF_ORTHOFINDER_01]
REF_BUSCO_01	BUSCO completeness and phylogenetic marker framework	Methods BUSCO phylogenetic context	software_method	candidate_reference_available	Manni et al. 2021 Molecular Biology and Evolution, BUSCO update.	[REF_BUSCO_01]
REF_IQTREE_01	maximum-likelihood phylogenetic inference	Methods BUSCO phylogenetic context	software_method	candidate_reference_available	Minh et al. 2020 Molecular Biology and Evolution, IQ-TREE 2.	[REF_IQTREE_01]
REF_MODELFINDER_01	model selection for phylogenetic inference	Methods BUSCO phylogenetic context if ModelFinder used	software_method	candidate_reference_available	Kalyaanamoorthy et al. 2017 Nature Methods, ModelFinder.	[REF_MODELFINDER_01]
REF_UFBOOT_01	ultrafast bootstrap branch support	Methods BUSCO phylogenetic context if UFBoot used	software_method	candidate_reference_available	Hoang et al. 2018 Molecular Biology and Evolution, UFBoot2.	[REF_UFBOOT_01]
REF_MAFFT_01	multiple sequence alignment	Methods BUSCO alignment if MAFFT used	software_method	candidate_reference_available	Katoh and Standley 2013 Molecular Biology and Evolution, MAFFT.	[REF_MAFFT_01]
REF_TRIMAL_01	alignment trimming	Methods BUSCO alignment if trimAl used	software_method	candidate_reference_available	Capella-Gutierrez et al. 2009 Bioinformatics, trimAl.	[REF_TRIMAL_01]
REF_DIAMOND_01	fast protein alignment / similarity search	Methods sequence workflow if DIAMOND used	software_method	candidate_reference_available	Buchfink et al. 2021 Nature Methods, DIAMOND v2.	[REF_DIAMOND_01]
REF_DATA_SOURCES_01	public datasets and genome/transcriptome resources	Methods species atlas; Data availability	dataset_reference	placeholder_needs_final_reference	Replace with exact citations or accession references for each public dataset, genome, transcriptome, or BioProject used.	[REF_DATA_SOURCES_01]
REF_UGO_REPOSITORY_01	UGO-Omics repository and Zenodo archive	Data availability	resource_reference	placeholder_waiting_for_final_zenodo	Replace with GitHub URL and Zenodo DOI after final release archive is deposited.	[REF_UGO_REPOSITORY_01]
